<?xml version="1.0" encoding="UTF-8"?>
<project-private xmlns="http://www.netbeans.org/ns/project-private/1">
    <editor-bookmarks xmlns="http://www.netbeans.org/ns/editor-bookmarks/2" lastBookmarkId="0"/>
    <open-files xmlns="http://www.netbeans.org/ns/projectui-open-files/2">
        <group>
            <file>file:/C:/Users/Zaidc/Desktop/ITO/Semestre%204/topicos%20PROGRAMACIÓN/ProyectoFinal/src/ConAux/Conexion.java</file>
            <file>file:/C:/Users/Zaidc/Desktop/ITO/Semestre%204/topicos%20PROGRAMACIÓN/ProyectoFinal/src/Registros/RegAutor.java</file>
            <file>file:/C:/Users/Zaidc/Desktop/ITO/Semestre%204/topicos%20PROGRAMACIÓN/ProyectoFinal/src/Registros/RegLibro.java</file>
            <file>file:/C:/Users/Zaidc/Desktop/ITO/Semestre%204/topicos%20PROGRAMACIÓN/ProyectoFinal/src/Registros/RegEmpleados.java</file>
            <file>file:/C:/Users/Zaidc/Desktop/ITO/Semestre%204/topicos%20PROGRAMACIÓN/ProyectoFinal/src/Registros/RegEditorial.java</file>
        </group>
    </open-files>
</project-private>
